Booth,Booth name,Host unit (booth sheet),Contact e-mail known from Exhibitors tab,E-MAIL FOR THIS BOOTH (please fill),Name of person who will hold the booth screen
ED1,Australia Awards Mekong-Australia Partnership Scholarships (AA-MAP),"MAP SU, Australia Embassy",P.SINGHADECHO@mapsupportunit.org; s.kanoktanyarat@mapsupportunit.org,,
ED2,British Council Thailand,British Council Thailand,,,
ED3,Campus France Thailand,French Embassy,ludovic.andres@diplomatie.gouv.fr; sujira.panyawattana@diplomatie.gouv.fr,,
ED4,Fulbright Thailand,Fulbright Thailand,chotima@fulbrightthai.org; ditthita@fulbrightthai.org,,
ED5,"Taiwan Education Center, Thailand",Taiwan Education Center Thailand,tecthailand1@gmail.com,,
ED6,TOEFL/IELTS Testing Center,Chiang Rai Rajabhat University,siripong.won@crru.ac.th,,
ED7,MFU Go Global,GRD,akaracha.pai@mfu.ac.th; 6631503042@lamduan.mfu.ac.th; 6631804049@lamduan.mfu.ac.th,,
ED8,Match the International Internship,Student Employment and Internship Division,,,
ED9,MFU Nursing | Go Global,School of Nursing 2,,,
ED10,Health Beyond Borders,MFU Medical Center Hospital,pr.medical-center@mfu.ac.th; kanlayanee.sak@mfu.ac.th,,
ED11,"Unlocking Nature, Decoding Cancer: From Bench to Bedside",School of Medicine,,,
ED12,Eco-printing & Vegan Leather Workshop,School of Science,,,
ED13,MFU Nursing | CPR Experience,School of Nursing 1,,,
ED14,Lifelong Journey,MLII,mlii@mfu.ac.th,,
ED15,Global Compass,Student Development Affairs 1,,,
ED16,Act for Earth,Student Development Affairs 2,,,
ED17,Touch to Connect,Student Development Affairs 3,,,
ED18,Fund & Friends,Student Development Affairs 4,,,
ED19,Find Your Personal Color,School of Cosmetic Science,,,
CL20,Dress Like Chinese,School of Sinology 1,sirinan.phu@mfu.ac.th,,
CL21,Chinese Connection Knot,School of Sinology 2,sirinan.phu@mfu.ac.th,,
CL22,Chinese Ink & Art,Thai-Chinese Education Association,,,
CL23,"Dolanan Anak: Games, Songs & Traditions",Anti-Aging and Regenerative Medicine,yosita.kan@mfu.ac.th; 6772003002@lamduan.mfu.ac.th,,
CL24,Lanna Spiderweb Flag Craft,"Institute for Mekong Civilization, Art, Culture",siriwan.kit@mfu.ac.th,,
CL25,Living Heritage in Action,School of Social Innovation,,,
FD26,Global Sips,Tea and Coffee Institution,sirikarn.pak@mfu.ac.th; jiraporn.rai@mfu.ac.th,,
FD27,Izakaya – Japan,School of Agricultural Industry 1,,,
FD28,Green Heritage – Myanmar,School of Agricultural Industry 2,,,
FD29,Yellow Star – Vietnam,School of Agricultural Industry 3,,,
FD30,Khatulistiwa – Indonesia,School of Agricultural Industry 4,,,
FD31,Team India – India,School of Agricultural Industry 5,,,
FD32,MANIFEST – Thailand,School of Agricultural Industry 6,,,
FD33,3nergy – Thailand,School of Agricultural Industry 7,,,
FD34,Plang Borderless – Thailand · Myanmar · Laos,School of Agricultural Industry 8,,,
FD35,IndoIndy – Indonesia,School of Agricultural Industry 9,,,
FD36,Agro-Industry Table 10 (to be confirmed),School of Agricultural Industry 10,,,
FD37,Siam Spice,School of Liberal Arts 1,,,
FD38,Flavors of Japan,School of Liberal Arts 2,,,
FD39,Nusantara Delights,School of Liberal Arts 3,,,
FD40,Seoul TteokBokki,School of Liberal Arts 4,,,
FD41,The American Melting Pot,School of Liberal Arts 5,,,
FD42,Assorted Burmese Fritters,School of Liberal Arts 6,,,
FD43,Global Table — Korea,GRD,akaracha.pai@mfu.ac.th; 6631503042@lamduan.mfu.ac.th; 6631804049@lamduan.mfu.ac.th,,
FD44,Global Table — Japan,GRD,akaracha.pai@mfu.ac.th; 6631503042@lamduan.mfu.ac.th; 6631804049@lamduan.mfu.ac.th,,
FD45,Global Table — Germany,GRD,akaracha.pai@mfu.ac.th; 6631503042@lamduan.mfu.ac.th; 6631804049@lamduan.mfu.ac.th,,
FD46,Global Table — Indonesia,GRD,akaracha.pai@mfu.ac.th; 6631503042@lamduan.mfu.ac.th; 6631804049@lamduan.mfu.ac.th,,
FD47,Global Table — Mexico,GRD,akaracha.pai@mfu.ac.th; 6631503042@lamduan.mfu.ac.th; 6631804049@lamduan.mfu.ac.th,,
FD48,Global Table — Czechia,GRD,akaracha.pai@mfu.ac.th; 6631503042@lamduan.mfu.ac.th; 6631804049@lamduan.mfu.ac.th,,
FD49,Global Table — Bhutan,GRD,akaracha.pai@mfu.ac.th; 6631503042@lamduan.mfu.ac.th; 6631804049@lamduan.mfu.ac.th,,
FD50,A Sip of India,Consulate of India in Chiang Mai,,,
FD51,French Food Fair,GRD,akaracha.pai@mfu.ac.th; 6631503042@lamduan.mfu.ac.th; 6631804049@lamduan.mfu.ac.th,,
FD52,Global Table — Thailand,GRD,akaracha.pai@mfu.ac.th; 6631503042@lamduan.mfu.ac.th; 6631804049@lamduan.mfu.ac.th,,
FD53,Global Table — China,GRD,akaracha.pai@mfu.ac.th; 6631503042@lamduan.mfu.ac.th; 6631804049@lamduan.mfu.ac.th,,
FD54,Global Table — Myanmar: Assorted Noodle Salad,GRD,akaracha.pai@mfu.ac.th; 6631503042@lamduan.mfu.ac.th; 6631804049@lamduan.mfu.ac.th,,
FD55,Global Table — Myanmar: Turmeric Sticky Rice,GRD,akaracha.pai@mfu.ac.th; 6631503042@lamduan.mfu.ac.th; 6631804049@lamduan.mfu.ac.th,,
FD56,Global Table — Myanmar: Pyay Rice Salad,GRD,akaracha.pai@mfu.ac.th; 6631503042@lamduan.mfu.ac.th; 6631804049@lamduan.mfu.ac.th,,
FD57,Global Table — Myanmar: Shan Table,GRD,akaracha.pai@mfu.ac.th; 6631503042@lamduan.mfu.ac.th; 6631804049@lamduan.mfu.ac.th,,
FD58,Global Table — Myanmar: Tea Shop Fritters,GRD,akaracha.pai@mfu.ac.th; 6631503042@lamduan.mfu.ac.th; 6631804049@lamduan.mfu.ac.th,,
FD59,Global Table — Myanmar: Desserts,GRD,akaracha.pai@mfu.ac.th; 6631503042@lamduan.mfu.ac.th; 6631804049@lamduan.mfu.ac.th,,
FD60,Global Table — Myanmar: Rice Drop Dessert,GRD,akaracha.pai@mfu.ac.th; 6631503042@lamduan.mfu.ac.th; 6631804049@lamduan.mfu.ac.th,,
FD61,Global Table — Myanmar: Shan Rice Cake,GRD,akaracha.pai@mfu.ac.th; 6631503042@lamduan.mfu.ac.th; 6631804049@lamduan.mfu.ac.th,,
FD62,Global Table — Karen Curry,GRD,akaracha.pai@mfu.ac.th; 6631503042@lamduan.mfu.ac.th; 6631804049@lamduan.mfu.ac.th,,
FD63,Global Table — Myanmar: Rakhine Table,GRD,akaracha.pai@mfu.ac.th; 6631503042@lamduan.mfu.ac.th; 6631804049@lamduan.mfu.ac.th,,
OPEN1,Green Table,M-Store x Zero Waste (Grace) 1,,,
OPEN2,M-Store,M-Store x Zero Waste (Grace) 2,,,
OPEN3,ปะ ดิ มา กำ,GRD,akaracha.pai@mfu.ac.th; 6631503042@lamduan.mfu.ac.th; 6631804049@lamduan.mfu.ac.th,,
OPEN4,Daisy Belle X Nadtasin MFU,GRD,akaracha.pai@mfu.ac.th; 6631503042@lamduan.mfu.ac.th; 6631804049@lamduan.mfu.ac.th,,
OPEN5,¡LOTERÍA! — A Taste of Mexico,GRD,akaracha.pai@mfu.ac.th; 6631503042@lamduan.mfu.ac.th; 6631804049@lamduan.mfu.ac.th,,
OPEN6,Crochet and Embroidery,GRD,akaracha.pai@mfu.ac.th; 6631503042@lamduan.mfu.ac.th; 6631804049@lamduan.mfu.ac.th,,
OPEN7,Model United Nations,GRD,akaracha.pai@mfu.ac.th; 6631503042@lamduan.mfu.ac.th; 6631804049@lamduan.mfu.ac.th,,
OPEN8,MFU Human Rights Club,GRD,akaracha.pai@mfu.ac.th; 6631503042@lamduan.mfu.ac.th; 6631804049@lamduan.mfu.ac.th,,
OPEN9,Maxim,GRD,akaracha.pai@mfu.ac.th; 6631503042@lamduan.mfu.ac.th; 6631804049@lamduan.mfu.ac.th,,
OPEN10,Bounce & Win,GRD,akaracha.pai@mfu.ac.th; 6631503042@lamduan.mfu.ac.th; 6631804049@lamduan.mfu.ac.th,,
OPEN11,Chinese Fortune Stick,GRD,akaracha.pai@mfu.ac.th; 6631503042@lamduan.mfu.ac.th; 6631804049@lamduan.mfu.ac.th,,
OPEN12,Plang Plang (ปลัง ปลัง),MFii,,,
OPEN13,First Aid Service,MFU Medical Center Hospital,pr.medical-center@mfu.ac.th; kanlayanee.sak@mfu.ac.th,,
